[
  {
    "id": "a3cf215f-322d-41dd-80e3-0dba9a2c2d60",
    "data": [
      {
        "text": "강남구",
        "meta": "@sys.location",
        "alias": "location",
        "userDefined": false
      }
    ],
    "isTemplate": false,
    "count": 0,
    "lang": "ko",
    "updated": 0
  },
  {
    "id": "0a3b60e2-d3b6-4973-aefb-e4210457a1d0",
    "data": [
      {
        "text": "마포구",
        "meta": "@sys.location",
        "alias": "location",
        "userDefined": false
      }
    ],
    "isTemplate": false,
    "count": 0,
    "lang": "ko",
    "updated": 0
  },
  {
    "id": "ea9a747e-beb1-4f16-a055-1d2253922e44",
    "data": [
      {
        "text": "영등포구",
        "meta": "@sys.location",
        "alias": "location",
        "userDefined": false
      }
    ],
    "isTemplate": false,
    "count": 0,
    "lang": "ko",
    "updated": 0
  },
  {
    "id": "1adb684a-76e7-4004-a792-04096055411e",
    "data": [
      {
        "text": "중구",
        "meta": "@sys.location",
        "alias": "location",
        "userDefined": false
      }
    ],
    "isTemplate": false,
    "count": 0,
    "lang": "ko",
    "updated": 0
  },
  {
    "id": "c9ca4931-3e82-4097-b695-5941d6ec9c30",
    "data": [
      {
        "text": "분당구",
        "meta": "@sys.location",
        "alias": "location",
        "userDefined": false
      }
    ],
    "isTemplate": false,
    "count": 0,
    "lang": "ko",
    "updated": 0
  },
  {
    "id": "6cc5d01f-5a7a-4cea-aa7f-7366a193b7e9",
    "data": [
      {
        "text": "수지구",
        "meta": "@sys.location",
        "alias": "location",
        "userDefined": false
      }
    ],
    "isTemplate": false,
    "count": 0,
    "lang": "ko",
    "updated": 0
  },
  {
    "id": "ce2a53c1-3bec-4ad9-ae1a-40ecdf1265b9",
    "data": [
      {
        "text": "수정구",
        "meta": "@sys.location",
        "alias": "location",
        "userDefined": false
      }
    ],
    "isTemplate": false,
    "count": 0,
    "lang": "ko",
    "updated": 0
  }
]