[
  {
    "id": "ca3cbf4b-c27b-4cdc-8067-47a405ec3e60",
    "data": [
      {
        "text": "그만해",
        "userDefined": false
      }
    ],
    "isTemplate": false,
    "count": 0,
    "lang": "ko",
    "updated": 0
  },
  {
    "id": "22f0ebb3-66be-4c76-8d2c-cd31cefe2460",
    "data": [
      {
        "text": "아니야",
        "userDefined": false
      }
    ],
    "isTemplate": false,
    "count": 0,
    "lang": "ko",
    "updated": 0
  },
  {
    "id": "a636df1a-eb47-4584-beb1-83f45f4e92f3",
    "data": [
      {
        "text": "틀렸어",
        "userDefined": false
      }
    ],
    "isTemplate": false,
    "count": 0,
    "lang": "ko",
    "updated": 0
  },
  {
    "id": "dbff5dc7-a385-4c81-a271-f8dea0c73c5b",
    "data": [
      {
        "text": "아니예요",
        "userDefined": false
      }
    ],
    "isTemplate": false,
    "count": 0,
    "lang": "ko",
    "updated": 0
  },
  {
    "id": "300f6719-6858-42b8-80a7-b28d87b65909",
    "data": [
      {
        "text": "아니에요",
        "userDefined": false
      }
    ],
    "isTemplate": false,
    "count": 0,
    "lang": "ko",
    "updated": 0
  },
  {
    "id": "2055a909-0a3e-430b-bd16-89ae57d13dd7",
    "data": [
      {
        "text": "아닌데",
        "userDefined": false
      }
    ],
    "isTemplate": false,
    "count": 0,
    "lang": "ko",
    "updated": 0
  },
  {
    "id": "1cc3553e-84ea-4976-a4fa-dfc015b02add",
    "data": [
      {
        "text": "아니오",
        "userDefined": false
      }
    ],
    "isTemplate": false,
    "count": 0,
    "lang": "ko",
    "updated": 0
  },
  {
    "id": "5b2406b5-2dc8-4ba4-8658-961e48048be2",
    "data": [
      {
        "text": "아니요",
        "userDefined": false
      }
    ],
    "isTemplate": false,
    "count": 0,
    "lang": "ko",
    "updated": 0
  },
  {
    "id": "c42aebe9-0207-4f03-b60f-8deabd8df032",
    "data": [
      {
        "text": "ㄴㄴ",
        "userDefined": false
      }
    ],
    "isTemplate": false,
    "count": 0,
    "lang": "ko",
    "updated": 0
  },
  {
    "id": "c400a90c-7c25-48ab-ba8b-e4426f1dd8b8",
    "data": [
      {
        "text": "아니",
        "userDefined": false
      }
    ],
    "isTemplate": false,
    "count": 3,
    "lang": "ko",
    "updated": 0
  },
  {
    "id": "5e915034-0ce5-4cd6-b735-415f4967361e",
    "data": [
      {
        "text": "고맙지만 됐어",
        "userDefined": false
      }
    ],
    "isTemplate": false,
    "count": 2,
    "lang": "ko",
    "updated": 0
  },
  {
    "id": "04e761dc-a792-41ed-acb9-3cef2db2c53d",
    "data": [
      {
        "text": "그건 아니지",
        "userDefined": false
      }
    ],
    "isTemplate": false,
    "count": 2,
    "lang": "ko",
    "updated": 0
  },
  {
    "id": "6add5044-3fef-4069-a244-e412db2d51de",
    "data": [
      {
        "text": "절대 아니야",
        "userDefined": false
      }
    ],
    "isTemplate": false,
    "count": 1,
    "lang": "ko",
    "updated": 0
  },
  {
    "id": "93866823-9ede-4024-9fc9-81c23391de56",
    "data": [
      {
        "text": "관심 없어",
        "userDefined": false
      }
    ],
    "isTemplate": false,
    "count": 3,
    "lang": "ko",
    "updated": 0
  },
  {
    "id": "71791839-c547-4001-9d2e-8462ab634a27",
    "data": [
      {
        "text": "싫어",
        "userDefined": false
      }
    ],
    "isTemplate": false,
    "count": 2,
    "lang": "ko",
    "updated": 0
  },
  {
    "id": "ba9a0279-2e74-4e3e-92f0-3e7f2dd65ee6",
    "data": [
      {
        "text": "아닌 것 같아",
        "userDefined": false
      }
    ],
    "isTemplate": false,
    "count": 0,
    "lang": "ko",
    "updated": 0
  },
  {
    "id": "2202cc20-b901-404d-9928-ec5b1376a68c",
    "data": [
      {
        "text": "하지 마",
        "userDefined": false
      }
    ],
    "isTemplate": false,
    "count": 0,
    "lang": "ko",
    "updated": 0
  },
  {
    "id": "4bb7b048-f490-4916-8ed0-810ef02a6aad",
    "data": [
      {
        "text": "내 생각은 달라",
        "userDefined": false
      }
    ],
    "isTemplate": false,
    "count": 1,
    "lang": "ko",
    "updated": 0
  }
]