[
  {
    "id": "8ccf773e-022b-4dfc-8d62-eaf00aea5f97",
    "data": [
      {
        "text": "수지구",
        "meta": "@sys.location",
        "alias": "location",
        "userDefined": false
      }
    ],
    "isTemplate": false,
    "count": 0,
    "lang": "ko",
    "updated": 0
  },
  {
    "id": "0df1f3b9-15d1-4687-ab4c-ca203cb1042e",
    "data": [
      {
        "text": "중구",
        "meta": "@sys.location",
        "alias": "location",
        "userDefined": false
      }
    ],
    "isTemplate": false,
    "count": 0,
    "lang": "ko",
    "updated": 0
  },
  {
    "id": "19061be4-4e72-43a9-b698-ed93752a4a12",
    "data": [
      {
        "text": "분당구",
        "meta": "@sys.location",
        "alias": "location",
        "userDefined": false
      }
    ],
    "isTemplate": false,
    "count": 0,
    "lang": "ko",
    "updated": 0
  },
  {
    "id": "1300ce77-427e-4a3b-882e-04761d3bffc9",
    "data": [
      {
        "text": "강남구",
        "meta": "@sys.location",
        "alias": "location",
        "userDefined": false
      }
    ],
    "isTemplate": false,
    "count": 0,
    "lang": "ko",
    "updated": 0
  }
]