[
  {
    "id": "b0d26805-ae32-4dcd-96bf-2f8fbf194df2",
    "data": [
      {
        "text": "ㅇㅇㅇ",
        "userDefined": false
      }
    ],
    "isTemplate": false,
    "count": 0,
    "lang": "ko",
    "updated": 0
  },
  {
    "id": "882ea493-c036-4551-a2a8-340c0e2bb145",
    "data": [
      {
        "text": "어어",
        "userDefined": false
      }
    ],
    "isTemplate": false,
    "count": 0,
    "lang": "ko",
    "updated": 0
  },
  {
    "id": "e9dc8f34-d519-4fea-9f54-1bc2123ca957",
    "data": [
      {
        "text": "맞아요",
        "userDefined": false
      }
    ],
    "isTemplate": false,
    "count": 2,
    "lang": "ko",
    "updated": 0
  },
  {
    "id": "908c0770-b6f2-4169-b282-a6256c3267e2",
    "data": [
      {
        "text": "그래요",
        "userDefined": false
      }
    ],
    "isTemplate": false,
    "count": 2,
    "lang": "ko",
    "updated": 0
  },
  {
    "id": "07f720fc-eeba-44dc-8fef-275f55d28056",
    "data": [
      {
        "text": "넹",
        "userDefined": false
      }
    ],
    "isTemplate": false,
    "count": 0,
    "lang": "ko",
    "updated": 0
  },
  {
    "id": "3e37a064-ef51-48b9-9f35-9e7dcd3fa94d",
    "data": [
      {
        "text": "넵",
        "userDefined": false
      }
    ],
    "isTemplate": false,
    "count": 0,
    "lang": "ko",
    "updated": 0
  },
  {
    "id": "47bcb654-8cc9-4002-9a23-5d584d68db11",
    "data": [
      {
        "text": "네네",
        "userDefined": false
      }
    ],
    "isTemplate": false,
    "count": 0,
    "lang": "ko",
    "updated": 0
  },
  {
    "id": "a77ad6fc-e21e-4d91-9d9c-dc4131e40aca",
    "data": [
      {
        "text": "그래",
        "userDefined": false
      }
    ],
    "isTemplate": false,
    "count": 0,
    "lang": "ko",
    "updated": 0
  },
  {
    "id": "c389cd48-5941-4e36-b68f-0b95a2c013c9",
    "data": [
      {
        "text": "응응",
        "userDefined": false
      }
    ],
    "isTemplate": false,
    "count": 0,
    "lang": "ko",
    "updated": 0
  },
  {
    "id": "d1ba8de3-9f26-433b-856f-8129fd98ab6f",
    "data": [
      {
        "text": "마자",
        "userDefined": false
      }
    ],
    "isTemplate": false,
    "count": 0,
    "lang": "ko",
    "updated": 0
  },
  {
    "id": "831f5e4a-8d6e-4a8a-92d9-3b53b9fa3a57",
    "data": [
      {
        "text": "응",
        "userDefined": false
      }
    ],
    "isTemplate": false,
    "count": 2,
    "lang": "ko",
    "updated": 0
  },
  {
    "id": "55e9b96c-fa9c-45ab-92d3-43910d87d8c0",
    "data": [
      {
        "text": "네",
        "userDefined": false
      }
    ],
    "isTemplate": false,
    "count": 0,
    "lang": "ko",
    "updated": 0
  },
  {
    "id": "060142bb-7c4b-4f9a-acc3-5027c49e976f",
    "data": [
      {
        "text": "맞아",
        "userDefined": false
      }
    ],
    "isTemplate": false,
    "count": 4,
    "lang": "ko",
    "updated": 0
  },
  {
    "id": "ba2798c4-9c15-4ee0-ac9a-1597ae387d4a",
    "data": [
      {
        "text": "어",
        "userDefined": false
      }
    ],
    "isTemplate": false,
    "count": 1,
    "lang": "ko",
    "updated": 0
  },
  {
    "id": "97946837-a8a7-43b9-a587-68aac0ab95e2",
    "data": [
      {
        "text": "웅",
        "userDefined": false
      }
    ],
    "isTemplate": false,
    "count": 0,
    "lang": "ko",
    "updated": 0
  },
  {
    "id": "58295f8c-c290-4050-869c-0f3ca821274d",
    "data": [
      {
        "text": "ㅇㅇ",
        "userDefined": false
      }
    ],
    "isTemplate": false,
    "count": 1,
    "lang": "ko",
    "updated": 0
  },
  {
    "id": "30a8dc16-6ec2-48d9-ac2e-ca408d058be9",
    "data": [
      {
        "text": "그럼",
        "userDefined": false
      }
    ],
    "isTemplate": false,
    "count": 1,
    "lang": "ko",
    "updated": 0
  },
  {
    "id": "28444c8a-0f71-4bb9-964a-17b563fa7fd9",
    "data": [
      {
        "text": "확인",
        "userDefined": false
      }
    ],
    "isTemplate": false,
    "count": 1,
    "lang": "ko",
    "updated": 0
  },
  {
    "id": "b61d6ebc-c146-44e6-a82e-cc6b9a18bf81",
    "data": [
      {
        "text": "좋아",
        "userDefined": false
      }
    ],
    "isTemplate": false,
    "count": 1,
    "lang": "ko",
    "updated": 0
  },
  {
    "id": "fd2bfcf1-4907-42aa-af98-0a9ad81ef636",
    "data": [
      {
        "text": "물론",
        "userDefined": false
      }
    ],
    "isTemplate": false,
    "count": 2,
    "lang": "ko",
    "updated": 0
  },
  {
    "id": "e955dc5f-0224-4bbd-9f5d-0055614940bc",
    "data": [
      {
        "text": "해",
        "userDefined": false
      }
    ],
    "isTemplate": false,
    "count": 1,
    "lang": "ko",
    "updated": 0
  },
  {
    "id": "320a2888-dad4-43f3-b2d1-2df5a6d73ab0",
    "data": [
      {
        "text": "상관없어",
        "userDefined": false
      }
    ],
    "isTemplate": false,
    "count": 0,
    "lang": "ko",
    "updated": 0
  },
  {
    "id": "aa7baf08-e08e-41bf-a95e-e57bede6631d",
    "data": [
      {
        "text": "바로 그거야",
        "userDefined": false
      }
    ],
    "isTemplate": false,
    "count": 3,
    "lang": "ko",
    "updated": 0
  },
  {
    "id": "bda9706f-7340-4742-a765-f80578e10648",
    "data": [
      {
        "text": "동의",
        "userDefined": false
      }
    ],
    "isTemplate": false,
    "count": 1,
    "lang": "ko",
    "updated": 0
  }
]