[
  {
    "id": "d15e93fd-f0d8-4f62-b705-d81cc6847369",
    "data": [
      {
        "text": "처음",
        "userDefined": false
      },
      {
        "text": "부터",
        "userDefined": false
      }
    ],
    "isTemplate": false,
    "count": 0,
    "lang": "ko",
    "updated": 0
  },
  {
    "id": "29029da0-0f3f-417b-b539-608c6b51541d",
    "data": [
      {
        "text": "다시",
        "userDefined": false
      }
    ],
    "isTemplate": false,
    "count": 0,
    "lang": "ko",
    "updated": 0
  },
  {
    "id": "52a20527-0175-4c48-b4bc-5fa226011ad3",
    "data": [
      {
        "text": "이전 단계",
        "userDefined": false
      }
    ],
    "isTemplate": false,
    "count": 0,
    "lang": "ko",
    "updated": 0
  },
  {
    "id": "598a30e0-4d59-4ec5-94e8-7c3176215c3f",
    "data": [
      {
        "text": "다른 ",
        "userDefined": false
      },
      {
        "text": "정보",
        "userDefined": false
      }
    ],
    "isTemplate": false,
    "count": 0,
    "lang": "ko",
    "updated": 0
  },
  {
    "id": "d6a9f7d6-f2f5-4e2a-8062-e1ec2a1cfd20",
    "data": [
      {
        "text": "이전 페이지",
        "userDefined": false
      }
    ],
    "isTemplate": false,
    "count": 1,
    "lang": "ko",
    "updated": 0
  },
  {
    "id": "999a9172-77ab-4724-9a9c-9dceeae171aa",
    "data": [
      {
        "text": "이전 페이지로 이동",
        "userDefined": false
      }
    ],
    "isTemplate": false,
    "count": 0,
    "lang": "ko",
    "updated": 0
  },
  {
    "id": "1605e317-92bf-48fb-8567-7e91b94b2aa5",
    "data": [
      {
        "text": "뒤로",
        "userDefined": false
      }
    ],
    "isTemplate": false,
    "count": 2,
    "lang": "ko",
    "updated": 0
  },
  {
    "id": "543ae2ac-34dd-4c12-8ff0-da0293a33cbd",
    "data": [
      {
        "text": "이전 결과로 돌아가",
        "userDefined": false
      }
    ],
    "isTemplate": false,
    "count": 0,
    "lang": "ko",
    "updated": 0
  },
  {
    "id": "e73dc489-47f8-4c48-a37a-d7994e494db4",
    "data": [
      {
        "text": "이전 페이지로 돌아가",
        "userDefined": false
      }
    ],
    "isTemplate": false,
    "count": 0,
    "lang": "ko",
    "updated": 0
  },
  {
    "id": "7e8d9abe-42da-4d24-9a3b-b8ede015e52a",
    "data": [
      {
        "text": "이전 결과를 읽어줘",
        "userDefined": false
      }
    ],
    "isTemplate": false,
    "count": 0,
    "lang": "ko",
    "updated": 0
  },
  {
    "id": "83ea1eb0-f10f-49fc-bd37-d8bbea3efd2f",
    "data": [
      {
        "text": "돌아가",
        "userDefined": false
      }
    ],
    "isTemplate": false,
    "count": 1,
    "lang": "ko",
    "updated": 0
  },
  {
    "id": "0bde2f3d-8365-4763-aa6f-a8ae88ff9eca",
    "data": [
      {
        "text": "이전으로 돌아가",
        "userDefined": false
      }
    ],
    "isTemplate": false,
    "count": 0,
    "lang": "ko",
    "updated": 0
  },
  {
    "id": "12c069eb-e9e2-45a1-89ef-a91eb48d56aa",
    "data": [
      {
        "text": "이전 결과",
        "userDefined": false
      }
    ],
    "isTemplate": false,
    "count": 2,
    "lang": "ko",
    "updated": 0
  },
  {
    "id": "9d28bf8b-a42e-4387-b1ea-03a46a1959b5",
    "data": [
      {
        "text": "이전",
        "userDefined": false
      }
    ],
    "isTemplate": false,
    "count": 0,
    "lang": "ko",
    "updated": 0
  }
]