[
  {
    "id": "db5f845a-b375-450b-9ff2-4207c14476e3",
    "data": [
      {
        "text": "행사",
        "meta": "@event2",
        "alias": "event2",
        "userDefined": true
      }
    ],
    "isTemplate": false,
    "count": 0,
    "lang": "ko",
    "updated": 0
  },
  {
    "id": "6f7533ea-2fa9-4c11-8c26-4c1b9784e29a",
    "data": [
      {
        "text": "전시",
        "meta": "@event2",
        "alias": "event2",
        "userDefined": false
      }
    ],
    "isTemplate": false,
    "count": 0,
    "lang": "ko",
    "updated": 0
  },
  {
    "id": "4bb2ec9f-39e5-42bd-8d96-bca39935384b",
    "data": [
      {
        "text": "공연",
        "meta": "@event2",
        "alias": "event2",
        "userDefined": false
      }
    ],
    "isTemplate": false,
    "count": 0,
    "lang": "ko",
    "updated": 0
  },
  {
    "id": "570a1016-d52c-4437-bb46-382af1bb659c",
    "data": [
      {
        "text": "축제",
        "meta": "@event2",
        "alias": "event2",
        "userDefined": false
      }
    ],
    "isTemplate": false,
    "count": 0,
    "lang": "ko",
    "updated": 0
  }
]