[
  {
    "id": "cccbf6f0-f17b-4690-ab23-6e408cadf626",
    "data": [
      {
        "text": "아동",
        "meta": "@event2",
        "alias": "event2",
        "userDefined": false
      }
    ],
    "isTemplate": false,
    "count": 1,
    "lang": "ko",
    "updated": 0
  },
  {
    "id": "dc1c66f0-96cf-4622-b2ae-ed516eb6ef26",
    "data": [
      {
        "text": "영유아",
        "meta": "@event2",
        "alias": "event2",
        "userDefined": false
      }
    ],
    "isTemplate": false,
    "count": 0,
    "lang": "ko",
    "updated": 0
  },
  {
    "id": "9c429f01-904e-473c-8076-501509b5acc2",
    "data": [
      {
        "text": "출산",
        "meta": "@event2",
        "alias": "event2",
        "userDefined": true
      }
    ],
    "isTemplate": false,
    "count": 0,
    "lang": "ko",
    "updated": 0
  },
  {
    "id": "de289d7f-69a0-4b1e-8bea-4cee564de629",
    "data": [
      {
        "text": "임신",
        "meta": "@event2",
        "alias": "event2",
        "userDefined": false
      }
    ],
    "isTemplate": false,
    "count": 0,
    "lang": "ko",
    "updated": 0
  },
  {
    "id": "aa04ba8d-7657-46f5-8d0c-ac90632461b7",
    "data": [
      {
        "text": "청년",
        "meta": "@event2",
        "alias": "event2",
        "userDefined": false
      }
    ],
    "isTemplate": false,
    "count": 0,
    "lang": "ko",
    "updated": 0
  },
  {
    "id": "af586182-dbcf-4703-816d-0bb79f859631",
    "data": [
      {
        "text": "중장년",
        "meta": "@event2",
        "alias": "event2",
        "userDefined": true
      }
    ],
    "isTemplate": false,
    "count": 0,
    "lang": "ko",
    "updated": 0
  },
  {
    "id": "ea8a1f15-b05b-4737-8f3b-4d96bed3b805",
    "data": [
      {
        "text": "어르신",
        "meta": "@event2",
        "alias": "event2",
        "userDefined": false
      }
    ],
    "isTemplate": false,
    "count": 0,
    "lang": "ko",
    "updated": 0
  },
  {
    "id": "6b544e3d-e283-45d7-a220-a6ef27134bd7",
    "data": [
      {
        "text": "장애인",
        "meta": "@event2",
        "alias": "event2",
        "userDefined": false
      }
    ],
    "isTemplate": false,
    "count": 0,
    "lang": "ko",
    "updated": 0
  },
  {
    "id": "d9fcf7ef-90b4-4c12-aaba-fd13e188da2d",
    "data": [
      {
        "text": "전생애",
        "meta": "@event2",
        "alias": "event2",
        "userDefined": true
      }
    ],
    "isTemplate": false,
    "count": 0,
    "lang": "ko",
    "updated": 0
  },
  {
    "id": "e62395ba-c170-4cc1-b0ab-b52ad4a3612a",
    "data": [
      {
        "text": "행사",
        "meta": "@event2",
        "alias": "event2",
        "userDefined": true
      }
    ],
    "isTemplate": false,
    "count": 0,
    "lang": "ko",
    "updated": 0
  }
]