[
  {
    "id": "bdbdba3b-f9fd-4e57-a4a5-83b3824ac487",
    "data": [
      {
        "text": "아닌데",
        "userDefined": false
      }
    ],
    "isTemplate": false,
    "count": 0,
    "lang": "ko",
    "updated": 0
  },
  {
    "id": "b3cba4d4-0380-446e-994e-a12ef7cbe8e7",
    "data": [
      {
        "text": "아니에요",
        "userDefined": false
      }
    ],
    "isTemplate": false,
    "count": 0,
    "lang": "ko",
    "updated": 0
  },
  {
    "id": "e48b6763-9c38-4a5a-9ec8-f941a34e32c0",
    "data": [
      {
        "text": "틀렸어",
        "userDefined": false
      }
    ],
    "isTemplate": false,
    "count": 0,
    "lang": "ko",
    "updated": 0
  },
  {
    "id": "12e2911e-28ce-424b-9837-9cf224ef180a",
    "data": [
      {
        "text": "아닌데요",
        "userDefined": false
      }
    ],
    "isTemplate": false,
    "count": 0,
    "lang": "ko",
    "updated": 0
  },
  {
    "id": "290e6098-f372-4a8a-b6c4-f7067f280421",
    "data": [
      {
        "text": "아니야",
        "userDefined": false
      }
    ],
    "isTemplate": false,
    "count": 0,
    "lang": "ko",
    "updated": 0
  },
  {
    "id": "75755cce-660e-4b1c-9ba2-a862ac3452e4",
    "data": [
      {
        "text": "ㄴㄴ",
        "userDefined": false
      }
    ],
    "isTemplate": false,
    "count": 0,
    "lang": "ko",
    "updated": 0
  },
  {
    "id": "c400a90c-7c25-48ab-ba8b-e4426f1dd8b8",
    "data": [
      {
        "text": "아니",
        "userDefined": false
      }
    ],
    "isTemplate": false,
    "count": 3,
    "lang": "ko",
    "updated": 0
  },
  {
    "id": "5e915034-0ce5-4cd6-b735-415f4967361e",
    "data": [
      {
        "text": "고맙지만 됐어",
        "userDefined": false
      }
    ],
    "isTemplate": false,
    "count": 2,
    "lang": "ko",
    "updated": 0
  },
  {
    "id": "04e761dc-a792-41ed-acb9-3cef2db2c53d",
    "data": [
      {
        "text": "그건 아니지",
        "userDefined": false
      }
    ],
    "isTemplate": false,
    "count": 2,
    "lang": "ko",
    "updated": 0
  },
  {
    "id": "6add5044-3fef-4069-a244-e412db2d51de",
    "data": [
      {
        "text": "절대 아니야",
        "userDefined": false
      }
    ],
    "isTemplate": false,
    "count": 1,
    "lang": "ko",
    "updated": 0
  },
  {
    "id": "93866823-9ede-4024-9fc9-81c23391de56",
    "data": [
      {
        "text": "관심 없어",
        "userDefined": false
      }
    ],
    "isTemplate": false,
    "count": 3,
    "lang": "ko",
    "updated": 0
  },
  {
    "id": "71791839-c547-4001-9d2e-8462ab634a27",
    "data": [
      {
        "text": "싫어",
        "userDefined": false
      }
    ],
    "isTemplate": false,
    "count": 2,
    "lang": "ko",
    "updated": 0
  },
  {
    "id": "ba9a0279-2e74-4e3e-92f0-3e7f2dd65ee6",
    "data": [
      {
        "text": "아닌 것 같아",
        "userDefined": false
      }
    ],
    "isTemplate": false,
    "count": 0,
    "lang": "ko",
    "updated": 0
  },
  {
    "id": "2202cc20-b901-404d-9928-ec5b1376a68c",
    "data": [
      {
        "text": "하지 마",
        "userDefined": false
      }
    ],
    "isTemplate": false,
    "count": 0,
    "lang": "ko",
    "updated": 0
  },
  {
    "id": "4bb7b048-f490-4916-8ed0-810ef02a6aad",
    "data": [
      {
        "text": "내 생각은 달라",
        "userDefined": false
      }
    ],
    "isTemplate": false,
    "count": 1,
    "lang": "ko",
    "updated": 0
  }
]