[
  {
    "id": "2a99fe58-4518-4644-b6cd-10b6e101b0ca",
    "data": [
      {
        "text": "아니예요",
        "userDefined": false
      }
    ],
    "isTemplate": false,
    "count": 1,
    "lang": "ko",
    "updated": 0
  },
  {
    "id": "4a842a1d-7785-41dd-b1ab-0d0bc1bfc5d3",
    "data": [
      {
        "text": "아니에요",
        "userDefined": false
      }
    ],
    "isTemplate": false,
    "count": 1,
    "lang": "ko",
    "updated": 0
  },
  {
    "id": "b8f5aff1-ab8b-4bd0-a3c3-7b21b70ff678",
    "data": [
      {
        "text": "아닌데",
        "userDefined": false
      }
    ],
    "isTemplate": false,
    "count": 0,
    "lang": "ko",
    "updated": 0
  },
  {
    "id": "086b2231-8c50-4787-b47c-695e35c7b49b",
    "data": [
      {
        "text": "ㄴㄴㄴ",
        "userDefined": false
      }
    ],
    "isTemplate": false,
    "count": 0,
    "lang": "ko",
    "updated": 0
  },
  {
    "id": "bc0d2735-10f7-4933-b6f6-ac5d643c9249",
    "data": [
      {
        "text": "ㄴㄴ",
        "userDefined": false
      }
    ],
    "isTemplate": false,
    "count": 0,
    "lang": "ko",
    "updated": 0
  },
  {
    "id": "3f947eaa-c1c2-488b-8247-3c2ccc7e263e",
    "data": [
      {
        "text": "아니라고",
        "userDefined": false
      }
    ],
    "isTemplate": false,
    "count": 0,
    "lang": "ko",
    "updated": 0
  },
  {
    "id": "8d330943-7e55-4ff5-9c7e-63bc417fc1bf",
    "data": [
      {
        "text": "아니야",
        "userDefined": false
      }
    ],
    "isTemplate": false,
    "count": 0,
    "lang": "ko",
    "updated": 0
  },
  {
    "id": "71791839-c547-4001-9d2e-8462ab634a27",
    "data": [
      {
        "text": "싫어",
        "userDefined": false
      }
    ],
    "isTemplate": false,
    "count": 2,
    "lang": "ko",
    "updated": 0
  },
  {
    "id": "a8e14c5d-9af0-403b-8ac3-71656e2bbe83",
    "data": [
      {
        "text": "싫어요",
        "userDefined": false
      }
    ],
    "isTemplate": false,
    "count": 0,
    "lang": "ko",
    "updated": 0
  },
  {
    "id": "8f8b16e0-79af-4eb2-80e4-27d1b4f1c8f6",
    "data": [
      {
        "text": "틀렸어요",
        "userDefined": false
      }
    ],
    "isTemplate": false,
    "count": 0,
    "lang": "ko",
    "updated": 0
  },
  {
    "id": "28da78b9-9e34-49c0-93f0-276ff1d9f060",
    "data": [
      {
        "text": "아니요",
        "userDefined": false
      }
    ],
    "isTemplate": false,
    "count": 0,
    "lang": "ko",
    "updated": 0
  },
  {
    "id": "66af8d97-e049-49dc-9097-e9de59bd93e6",
    "data": [
      {
        "text": "아니오",
        "userDefined": false
      }
    ],
    "isTemplate": false,
    "count": 0,
    "lang": "ko",
    "updated": 0
  },
  {
    "id": "0fa3d1de-5d36-4b4d-8359-6aea1918651d",
    "data": [
      {
        "text": "틀려",
        "userDefined": false
      }
    ],
    "isTemplate": false,
    "count": 0,
    "lang": "ko",
    "updated": 0
  },
  {
    "id": "3a6d737d-23d3-489c-9435-612c092a720a",
    "data": [
      {
        "text": "틀렸어",
        "userDefined": false
      }
    ],
    "isTemplate": false,
    "count": 1,
    "lang": "ko",
    "updated": 0
  },
  {
    "id": "c400a90c-7c25-48ab-ba8b-e4426f1dd8b8",
    "data": [
      {
        "text": "아니",
        "userDefined": false
      }
    ],
    "isTemplate": false,
    "count": 3,
    "lang": "ko",
    "updated": 0
  },
  {
    "id": "5e915034-0ce5-4cd6-b735-415f4967361e",
    "data": [
      {
        "text": "고맙지만 됐어",
        "userDefined": false
      }
    ],
    "isTemplate": false,
    "count": 2,
    "lang": "ko",
    "updated": 0
  },
  {
    "id": "04e761dc-a792-41ed-acb9-3cef2db2c53d",
    "data": [
      {
        "text": "그건 아니지",
        "userDefined": false
      }
    ],
    "isTemplate": false,
    "count": 2,
    "lang": "ko",
    "updated": 0
  },
  {
    "id": "6add5044-3fef-4069-a244-e412db2d51de",
    "data": [
      {
        "text": "절대 아니야",
        "userDefined": false
      }
    ],
    "isTemplate": false,
    "count": 1,
    "lang": "ko",
    "updated": 0
  },
  {
    "id": "93866823-9ede-4024-9fc9-81c23391de56",
    "data": [
      {
        "text": "관심 없어",
        "userDefined": false
      }
    ],
    "isTemplate": false,
    "count": 4,
    "lang": "ko",
    "updated": 0
  },
  {
    "id": "ba9a0279-2e74-4e3e-92f0-3e7f2dd65ee6",
    "data": [
      {
        "text": "아닌 것 같아",
        "userDefined": false
      }
    ],
    "isTemplate": false,
    "count": 0,
    "lang": "ko",
    "updated": 0
  },
  {
    "id": "2202cc20-b901-404d-9928-ec5b1376a68c",
    "data": [
      {
        "text": "하지 마",
        "userDefined": false
      }
    ],
    "isTemplate": false,
    "count": 0,
    "lang": "ko",
    "updated": 0
  },
  {
    "id": "4bb7b048-f490-4916-8ed0-810ef02a6aad",
    "data": [
      {
        "text": "내 생각은 달라",
        "userDefined": false
      }
    ],
    "isTemplate": false,
    "count": 1,
    "lang": "ko",
    "updated": 0
  }
]