[
  {
    "id": "206de192-f65a-4d59-837b-336157a76f8d",
    "data": [
      {
        "text": "전시",
        "meta": "@event2",
        "alias": "event2",
        "userDefined": false
      }
    ],
    "isTemplate": false,
    "count": 0,
    "lang": "ko",
    "updated": 0
  },
  {
    "id": "127dc229-fee4-4127-9401-188bee4faf05",
    "data": [
      {
        "text": "공연",
        "meta": "@event2",
        "alias": "event2",
        "userDefined": false
      }
    ],
    "isTemplate": false,
    "count": 0,
    "lang": "ko",
    "updated": 0
  },
  {
    "id": "04a29f32-00c4-4eb5-848b-0da3540d58ea",
    "data": [
      {
        "text": "축제",
        "meta": "@event2",
        "alias": "event2",
        "userDefined": false
      }
    ],
    "isTemplate": false,
    "count": 0,
    "lang": "ko",
    "updated": 0
  },
  {
    "id": "bb67f792-ee52-42b1-980b-360ea6dbda9d",
    "data": [
      {
        "text": "행사",
        "meta": "@event2",
        "alias": "event2",
        "userDefined": false
      }
    ],
    "isTemplate": false,
    "count": 0,
    "lang": "ko",
    "updated": 0
  },
  {
    "id": "cd5c34b4-ea94-425e-90ed-1f01b1bc5f3a",
    "data": [
      {
        "text": "전생애",
        "meta": "@event2",
        "alias": "event2",
        "userDefined": false
      }
    ],
    "isTemplate": false,
    "count": 0,
    "lang": "ko",
    "updated": 0
  },
  {
    "id": "6dea3d73-11fb-4cac-aa87-eb8118122324",
    "data": [
      {
        "text": "장애인",
        "meta": "@event2",
        "alias": "event2",
        "userDefined": false
      }
    ],
    "isTemplate": false,
    "count": 0,
    "lang": "ko",
    "updated": 0
  },
  {
    "id": "153acc69-4bed-4b2d-a16a-3b114e9c90ad",
    "data": [
      {
        "text": "어르신",
        "meta": "@event2",
        "alias": "event2",
        "userDefined": false
      }
    ],
    "isTemplate": false,
    "count": 0,
    "lang": "ko",
    "updated": 0
  },
  {
    "id": "605bb3b1-5191-4397-9f14-db80afafbfcd",
    "data": [
      {
        "text": "중장년",
        "meta": "@event2",
        "alias": "event2",
        "userDefined": false
      }
    ],
    "isTemplate": false,
    "count": 0,
    "lang": "ko",
    "updated": 0
  },
  {
    "id": "29f19560-1296-4c2c-a240-46ddc6ddba9b",
    "data": [
      {
        "text": "청년",
        "meta": "@event2",
        "alias": "event2",
        "userDefined": false
      }
    ],
    "isTemplate": false,
    "count": 0,
    "lang": "ko",
    "updated": 0
  },
  {
    "id": "61aa9cb6-5abe-4c79-b674-74e7e3fc4034",
    "data": [
      {
        "text": "청소년",
        "meta": "@event2",
        "alias": "event2",
        "userDefined": false
      }
    ],
    "isTemplate": false,
    "count": 0,
    "lang": "ko",
    "updated": 0
  },
  {
    "id": "0c97ebca-d70c-419d-a642-d06cb5029611",
    "data": [
      {
        "text": "아동",
        "meta": "@event2",
        "alias": "event2",
        "userDefined": false
      }
    ],
    "isTemplate": false,
    "count": 0,
    "lang": "ko",
    "updated": 0
  },
  {
    "id": "18ebb904-cab2-41d8-90b2-5766523c1d22",
    "data": [
      {
        "text": "영유아",
        "meta": "@event2",
        "alias": "event2",
        "userDefined": true
      }
    ],
    "isTemplate": false,
    "count": 0,
    "lang": "ko",
    "updated": 0
  },
  {
    "id": "20265a15-1a1d-47e1-86ae-3d12989080bc",
    "data": [
      {
        "text": "출산",
        "meta": "@event2",
        "alias": "event2",
        "userDefined": true
      }
    ],
    "isTemplate": false,
    "count": 0,
    "lang": "ko",
    "updated": 0
  },
  {
    "id": "8c8c126d-65f8-42fe-8e6f-8f3c27cce8af",
    "data": [
      {
        "text": "임신",
        "meta": "@event2",
        "alias": "event2",
        "userDefined": true
      }
    ],
    "isTemplate": false,
    "count": 0,
    "lang": "ko",
    "updated": 0
  }
]