[
  {
    "id": "e93ef648-2e06-49df-8b10-0af93094ad53",
    "data": [
      {
        "text": "문화",
        "meta": "@event1",
        "alias": "event1",
        "userDefined": false
      },
      {
        "text": "에 대해서",
        "userDefined": false
      }
    ],
    "isTemplate": false,
    "count": 0,
    "lang": "ko",
    "updated": 0
  },
  {
    "id": "a84b7961-6fe3-4526-9376-73b74c541610",
    "data": [
      {
        "text": "문화",
        "meta": "@event1",
        "alias": "event1",
        "userDefined": false
      },
      {
        "text": " ",
        "userDefined": false
      },
      {
        "text": "정보",
        "userDefined": false
      },
      {
        "text": " 줘",
        "userDefined": false
      }
    ],
    "isTemplate": false,
    "count": 0,
    "lang": "ko",
    "updated": 0
  },
  {
    "id": "a6f43f16-d2f1-4952-bf4f-95c0ad29d38c",
    "data": [
      {
        "text": "문화",
        "meta": "@event1",
        "alias": "event1",
        "userDefined": false
      },
      {
        "text": " ",
        "userDefined": false
      },
      {
        "text": "관련",
        "userDefined": false
      },
      {
        "text": " ",
        "userDefined": false
      },
      {
        "text": "주제",
        "userDefined": false
      }
    ],
    "isTemplate": false,
    "count": 0,
    "lang": "ko",
    "updated": 0
  },
  {
    "id": "1f2e2c29-60c6-4596-951d-5c55fe0af7bb",
    "data": [
      {
        "text": "문화",
        "meta": "@event1",
        "alias": "event1",
        "userDefined": false
      },
      {
        "text": " 알려줘",
        "userDefined": false
      }
    ],
    "isTemplate": false,
    "count": 0,
    "lang": "ko",
    "updated": 0
  },
  {
    "id": "77970173-44fe-49fc-93d9-6c0256c4fdfd",
    "data": [
      {
        "text": "행사",
        "meta": "@event1",
        "alias": "event1",
        "userDefined": true
      }
    ],
    "isTemplate": false,
    "count": 0,
    "lang": "ko",
    "updated": 0
  },
  {
    "id": "18b6a123-072e-47ec-a1fc-7cbef1275542",
    "data": [
      {
        "text": "문화",
        "meta": "@event1",
        "alias": "event1",
        "userDefined": true
      }
    ],
    "isTemplate": false,
    "count": 0,
    "lang": "ko",
    "updated": 0
  },
  {
    "id": "966aada9-d4f9-463c-960c-10d492e8662f",
    "data": [
      {
        "text": "관광",
        "meta": "@event1",
        "alias": "event1",
        "userDefined": true
      }
    ],
    "isTemplate": false,
    "count": 0,
    "lang": "ko",
    "updated": 0
  }
]