[
  {
    "id": "70cefd4d-c106-45d5-b608-c3f2750ae0fe",
    "data": [
      {
        "text": "복지",
        "meta": "@event1",
        "alias": "event1",
        "userDefined": false
      },
      {
        "text": "에 대해서",
        "userDefined": false
      }
    ],
    "isTemplate": false,
    "count": 0,
    "lang": "ko",
    "updated": 0
  },
  {
    "id": "59dc653b-7b30-4a10-a94d-11c74c5d5119",
    "data": [
      {
        "text": "복지",
        "meta": "@event1",
        "alias": "event1",
        "userDefined": false
      },
      {
        "text": "에 대해서 알려줘",
        "userDefined": false
      }
    ],
    "isTemplate": false,
    "count": 0,
    "lang": "ko",
    "updated": 0
  },
  {
    "id": "fca91ff1-b808-480b-876f-f4d4dbcfdbc0",
    "data": [
      {
        "text": "음..",
        "userDefined": false
      },
      {
        "text": "복지",
        "meta": "@event1",
        "alias": "event1",
        "userDefined": false
      },
      {
        "text": "?",
        "userDefined": false
      }
    ],
    "isTemplate": false,
    "count": 0,
    "lang": "ko",
    "updated": 0
  },
  {
    "id": "c62032d9-dc5c-4b33-9c72-c9b0f49278aa",
    "data": [
      {
        "text": "복지",
        "meta": "@event1",
        "alias": "event1",
        "userDefined": false
      },
      {
        "text": " 알려줘",
        "userDefined": false
      }
    ],
    "isTemplate": false,
    "count": 0,
    "lang": "ko",
    "updated": 0
  },
  {
    "id": "77132876-e73a-42b6-9d45-1f1da2124c07",
    "data": [
      {
        "text": "복지",
        "meta": "@event1",
        "alias": "event1",
        "userDefined": false
      }
    ],
    "isTemplate": false,
    "count": 0,
    "lang": "ko",
    "updated": 0
  },
  {
    "id": "332dc8c9-11cc-47a6-a3e7-ac193e37bab9",
    "data": [
      {
        "text": "소식",
        "meta": "@event1",
        "alias": "event1",
        "userDefined": false
      }
    ],
    "isTemplate": false,
    "count": 0,
    "lang": "ko",
    "updated": 0
  },
  {
    "id": "ae84fd29-d919-4ddb-8b40-a80804a79b04",
    "data": [
      {
        "text": "혜택",
        "meta": "@event1",
        "alias": "event1",
        "userDefined": false
      }
    ],
    "isTemplate": false,
    "count": 0,
    "lang": "ko",
    "updated": 0
  }
]