[
  {
    "id": "fb9ee87b-4da0-47e4-b6af-c78e124d1b44",
    "data": [
      {
        "text": "go back",
        "userDefined": false
      }
    ],
    "isTemplate": false,
    "count": 0,
    "lang": "en",
    "updated": 0
  },
  {
    "id": "ebc9da90-3c9f-45a1-a515-3fc9839edd75",
    "data": [
      {
        "text": "return to the previous",
        "userDefined": false
      }
    ],
    "isTemplate": false,
    "count": 0,
    "lang": "en",
    "updated": 0
  },
  {
    "id": "40131726-e156-406e-b124-2719ac15456a",
    "data": [
      {
        "text": "return to previous page",
        "userDefined": false
      }
    ],
    "isTemplate": false,
    "count": 0,
    "lang": "en",
    "updated": 0
  },
  {
    "id": "5dc882d1-91c6-43ec-9a6a-7ce89db769ff",
    "data": [
      {
        "text": "back",
        "userDefined": false
      }
    ],
    "isTemplate": false,
    "count": 0,
    "lang": "en",
    "updated": 0
  },
  {
    "id": "e1628bb6-d30e-43a4-8aff-d4befadd1eb4",
    "data": [
      {
        "text": "previous",
        "userDefined": false
      }
    ],
    "isTemplate": false,
    "count": 0,
    "lang": "en",
    "updated": 0
  },
  {
    "id": "edd18bb7-b747-4b06-ae8c-9011e8cca16c",
    "data": [
      {
        "text": "read out the previous results",
        "userDefined": false
      }
    ],
    "isTemplate": false,
    "count": 0,
    "lang": "en",
    "updated": 0
  },
  {
    "id": "d998d91f-1c1f-4486-ae59-94109219aceb",
    "data": [
      {
        "text": "go to the previous page",
        "userDefined": false
      }
    ],
    "isTemplate": false,
    "count": 0,
    "lang": "en",
    "updated": 0
  },
  {
    "id": "6723dbe0-5dfc-46c8-b684-79cab3307e4f",
    "data": [
      {
        "text": "previous page",
        "userDefined": false
      }
    ],
    "isTemplate": false,
    "count": 0,
    "lang": "en",
    "updated": 0
  },
  {
    "id": "36d1081c-9fc1-4e55-a532-d569a56dd371",
    "data": [
      {
        "text": "previous results",
        "userDefined": false
      }
    ],
    "isTemplate": false,
    "count": 0,
    "lang": "en",
    "updated": 0
  },
  {
    "id": "1e5c6c6c-c607-4dbc-8c65-0244a46e98e4",
    "data": [
      {
        "text": "go back to previous results",
        "userDefined": false
      }
    ],
    "isTemplate": false,
    "count": 0,
    "lang": "en",
    "updated": 0
  }
]