[
  {
    "id": "5b05efb9-a420-4a1f-8d85-fba27999aa5d",
    "data": [
      {
        "text": "그러렴",
        "userDefined": false
      }
    ],
    "isTemplate": false,
    "count": 0,
    "lang": "ko",
    "updated": 0
  },
  {
    "id": "253d6e6a-7bb3-4139-8026-64b82c243e7a",
    "data": [
      {
        "text": "그래라",
        "userDefined": false
      }
    ],
    "isTemplate": false,
    "count": 0,
    "lang": "ko",
    "updated": 0
  },
  {
    "id": "fbe11c45-ecbe-49c9-bc4c-16cae1d50c9f",
    "data": [
      {
        "text": "넵",
        "userDefined": false
      }
    ],
    "isTemplate": false,
    "count": 0,
    "lang": "ko",
    "updated": 0
  },
  {
    "id": "9eb2611a-71af-4e2b-bd16-ecd7f4f06c7c",
    "data": [
      {
        "text": "넹",
        "userDefined": false
      }
    ],
    "isTemplate": false,
    "count": 0,
    "lang": "ko",
    "updated": 0
  },
  {
    "id": "04237362-afcd-4a9c-9b9c-dcafc4bf7622",
    "data": [
      {
        "text": "ㅇ",
        "userDefined": false
      }
    ],
    "isTemplate": false,
    "count": 0,
    "lang": "ko",
    "updated": 0
  },
  {
    "id": "0cd44ff7-1db7-46fa-b374-db63b11abb3c",
    "data": [
      {
        "text": "ㅇㅇㅇ",
        "userDefined": false
      }
    ],
    "isTemplate": false,
    "count": 0,
    "lang": "ko",
    "updated": 0
  },
  {
    "id": "ee681df0-2ac8-47a9-a0b3-f0b233b23ab1",
    "data": [
      {
        "text": "ㅇㅇ",
        "userDefined": false
      }
    ],
    "isTemplate": false,
    "count": 0,
    "lang": "ko",
    "updated": 0
  },
  {
    "id": "fa3925c4-7210-4722-973d-b8276e8d1ecc",
    "data": [
      {
        "text": "마자요",
        "userDefined": false
      }
    ],
    "isTemplate": false,
    "count": 0,
    "lang": "ko",
    "updated": 0
  },
  {
    "id": "6ecbefbc-1a1a-40b9-ad57-5f6930272874",
    "data": [
      {
        "text": "마자",
        "userDefined": false
      }
    ],
    "isTemplate": false,
    "count": 0,
    "lang": "ko",
    "updated": 0
  },
  {
    "id": "8b116d60-31b0-401b-aff1-bb057edfd370",
    "data": [
      {
        "text": "맞아",
        "userDefined": false
      }
    ],
    "isTemplate": false,
    "count": 0,
    "lang": "ko",
    "updated": 0
  },
  {
    "id": "03471ba3-28d4-4d85-bbd4-3a3ee6b7b7e6",
    "data": [
      {
        "text": "엉",
        "userDefined": false
      }
    ],
    "isTemplate": false,
    "count": 0,
    "lang": "ko",
    "updated": 0
  },
  {
    "id": "34b195c8-772b-46ab-8d70-cbae9400ff61",
    "data": [
      {
        "text": "찾아",
        "userDefined": false
      }
    ],
    "isTemplate": false,
    "count": 0,
    "lang": "ko",
    "updated": 0
  },
  {
    "id": "0be3db36-9adf-4ff2-ba34-54771d189f7b",
    "data": [
      {
        "text": "그래주세요",
        "userDefined": false
      }
    ],
    "isTemplate": false,
    "count": 0,
    "lang": "ko",
    "updated": 0
  },
  {
    "id": "192bbaff-a808-45f4-b069-1ecf136e83b0",
    "data": [
      {
        "text": "그래요",
        "userDefined": false
      }
    ],
    "isTemplate": false,
    "count": 0,
    "lang": "ko",
    "updated": 0
  },
  {
    "id": "6ccdb48f-275a-4894-a1ac-70417116bc21",
    "data": [
      {
        "text": "그래",
        "userDefined": false
      }
    ],
    "isTemplate": false,
    "count": 0,
    "lang": "ko",
    "updated": 0
  },
  {
    "id": "8e5dad06-3ca2-47d5-b1da-7e1b4681807d",
    "data": [
      {
        "text": "웅",
        "userDefined": false
      }
    ],
    "isTemplate": false,
    "count": 0,
    "lang": "ko",
    "updated": 0
  },
  {
    "id": "54ae6089-c188-4469-9d14-de547669bb34",
    "data": [
      {
        "text": "어",
        "userDefined": false
      }
    ],
    "isTemplate": false,
    "count": 0,
    "lang": "ko",
    "updated": 0
  },
  {
    "id": "d183a027-b4f1-490a-ae04-2f441443e191",
    "data": [
      {
        "text": "응",
        "userDefined": false
      }
    ],
    "isTemplate": false,
    "count": 0,
    "lang": "ko",
    "updated": 0
  },
  {
    "id": "2a85fbf9-6b16-43b3-8779-7433b2434746",
    "data": [
      {
        "text": "맞아요",
        "userDefined": false
      }
    ],
    "isTemplate": false,
    "count": 0,
    "lang": "ko",
    "updated": 0
  },
  {
    "id": "563d42fc-938c-4e51-b348-6b3d0919ba16",
    "data": [
      {
        "text": "그럼",
        "userDefined": false
      }
    ],
    "isTemplate": false,
    "count": 0,
    "lang": "ko",
    "updated": 0
  },
  {
    "id": "42085aac-9a38-48de-b109-9677c2a92dd1",
    "data": [
      {
        "text": "네",
        "userDefined": false
      }
    ],
    "isTemplate": false,
    "count": 1,
    "lang": "ko",
    "updated": 0
  }
]