[
  {
    "id": "c5fdf2ba-6035-459b-9443-7e8be39386cb",
    "data": [
      {
        "text": "수정구",
        "meta": "@sys.location",
        "alias": "location",
        "userDefined": false
      }
    ],
    "isTemplate": false,
    "count": 0,
    "lang": "ko",
    "updated": 0
  },
  {
    "id": "a0a8d00e-7666-4d8e-a274-a331edcb610a",
    "data": [
      {
        "text": "수지구",
        "meta": "@sys.location",
        "alias": "location",
        "userDefined": false
      }
    ],
    "isTemplate": false,
    "count": 0,
    "lang": "ko",
    "updated": 0
  },
  {
    "id": "671ca149-ae11-4e68-99a3-abf58c4ae1f7",
    "data": [
      {
        "text": "분당구",
        "meta": "@sys.location",
        "alias": "location",
        "userDefined": false
      }
    ],
    "isTemplate": false,
    "count": 0,
    "lang": "ko",
    "updated": 0
  },
  {
    "id": "0f0e3318-b152-41ae-ac6e-72a1170ec7d2",
    "data": [
      {
        "text": "중구",
        "meta": "@sys.location",
        "alias": "location",
        "userDefined": false
      }
    ],
    "isTemplate": false,
    "count": 0,
    "lang": "ko",
    "updated": 0
  },
  {
    "id": "5f6c5fed-ab5d-4cff-a27e-239c17d3e22f",
    "data": [
      {
        "text": "영등포구",
        "meta": "@sys.location",
        "alias": "location",
        "userDefined": false
      }
    ],
    "isTemplate": false,
    "count": 0,
    "lang": "ko",
    "updated": 0
  },
  {
    "id": "6fde8b17-2f9d-4880-8399-3479899d97b1",
    "data": [
      {
        "text": "마포구",
        "meta": "@sys.location",
        "alias": "location",
        "userDefined": false
      }
    ],
    "isTemplate": false,
    "count": 0,
    "lang": "ko",
    "updated": 0
  },
  {
    "id": "bbb69fff-c05e-48d8-bb53-832641257106",
    "data": [
      {
        "text": "강남구",
        "meta": "@sys.location",
        "alias": "location",
        "userDefined": false
      }
    ],
    "isTemplate": false,
    "count": 0,
    "lang": "ko",
    "updated": 0
  }
]