[
  {
    "id": "869dc412-c94d-44cb-acd6-dfd1cd778494",
    "data": [
      {
        "text": "아동·청소년",
        "meta": "@event2",
        "alias": "event2",
        "userDefined": false
      }
    ],
    "isTemplate": false,
    "count": 1,
    "lang": "ko",
    "updated": 0
  },
  {
    "id": "507045d7-456d-4f16-868f-bdee4bef2e09",
    "data": [
      {
        "text": "임신·출산",
        "meta": "@event2",
        "alias": "event2",
        "userDefined": false
      }
    ],
    "isTemplate": false,
    "count": 0,
    "lang": "ko",
    "updated": 0
  },
  {
    "id": "df4e3934-84a0-4a7e-bd3d-6bb79ccee23d",
    "data": [
      {
        "text": "장애인",
        "meta": "@event2",
        "alias": "event2",
        "userDefined": false
      }
    ],
    "isTemplate": false,
    "count": 0,
    "lang": "ko",
    "updated": 0
  },
  {
    "id": "4cd2e70f-dfbe-457c-bc8f-3f1e123e2ede",
    "data": [
      {
        "text": "어르신",
        "meta": "@event2",
        "alias": "event2",
        "userDefined": false
      }
    ],
    "isTemplate": false,
    "count": 0,
    "lang": "ko",
    "updated": 0
  },
  {
    "id": "dd8235af-1521-4121-8cee-5a0b513ca429",
    "data": [
      {
        "text": "중장년",
        "meta": "@event2",
        "alias": "event2",
        "userDefined": true
      }
    ],
    "isTemplate": false,
    "count": 0,
    "lang": "ko",
    "updated": 0
  },
  {
    "id": "33ee2f3f-3d64-4088-9b8a-6124a1178e34",
    "data": [
      {
        "text": "청년",
        "meta": "@event2",
        "alias": "event2",
        "userDefined": false
      }
    ],
    "isTemplate": false,
    "count": 0,
    "lang": "ko",
    "updated": 0
  },
  {
    "id": "675c0982-8ed0-4858-94a7-023ed02ccda3",
    "data": [
      {
        "text": "청소년",
        "meta": "@event2",
        "alias": "event2",
        "userDefined": true
      }
    ],
    "isTemplate": false,
    "count": 0,
    "lang": "ko",
    "updated": 0
  },
  {
    "id": "254f4855-ec42-4537-9f26-15866e29d420",
    "data": [
      {
        "text": "아동",
        "meta": "@event2",
        "alias": "event2",
        "userDefined": false
      }
    ],
    "isTemplate": false,
    "count": 0,
    "lang": "ko",
    "updated": 0
  },
  {
    "id": "2106d82e-b84c-4c96-a044-429afed52e1a",
    "data": [
      {
        "text": "영유아",
        "meta": "@event2",
        "alias": "event2",
        "userDefined": false
      }
    ],
    "isTemplate": false,
    "count": 0,
    "lang": "ko",
    "updated": 0
  },
  {
    "id": "e2a4e2ad-b728-482e-9ac7-5ee7261505eb",
    "data": [
      {
        "text": "출산",
        "meta": "@event2",
        "alias": "event2",
        "userDefined": true
      }
    ],
    "isTemplate": false,
    "count": 0,
    "lang": "ko",
    "updated": 0
  },
  {
    "id": "46cb2cbc-6891-4ed4-9c49-da338fb59350",
    "data": [
      {
        "text": "임신",
        "meta": "@event2",
        "alias": "event2",
        "userDefined": false
      }
    ],
    "isTemplate": false,
    "count": 0,
    "lang": "ko",
    "updated": 0
  }
]