[
  {
    "id": "8013dc2a-9c6b-4698-af0a-df28f75b8f82",
    "data": [
      {
        "text": "공연·전시",
        "meta": "@event2",
        "alias": "event2",
        "userDefined": false
      }
    ],
    "isTemplate": false,
    "count": 0,
    "lang": "ko",
    "updated": 0
  },
  {
    "id": "11f8c430-9985-4de3-b928-67ecea75fe57",
    "data": [
      {
        "text": "행사·축제",
        "meta": "@event2",
        "alias": "event2",
        "userDefined": false
      }
    ],
    "isTemplate": false,
    "count": 0,
    "lang": "ko",
    "updated": 0
  },
  {
    "id": "59dfbbcc-dd71-43b3-b76d-af3dd59b277e",
    "data": [
      {
        "text": "축제",
        "meta": "@event2",
        "alias": "event2",
        "userDefined": false
      }
    ],
    "isTemplate": false,
    "count": 0,
    "lang": "ko",
    "updated": 0
  },
  {
    "id": "0add8e97-6efa-47d6-85d9-72004b9faad3",
    "data": [
      {
        "text": "행사",
        "meta": "@event2",
        "alias": "event2",
        "userDefined": true
      }
    ],
    "isTemplate": false,
    "count": 0,
    "lang": "ko",
    "updated": 0
  },
  {
    "id": "7b31900d-5f3c-46bb-9c7e-c32a2147c3b0",
    "data": [
      {
        "text": "전시",
        "meta": "@event2",
        "alias": "event2",
        "userDefined": false
      }
    ],
    "isTemplate": false,
    "count": 0,
    "lang": "ko",
    "updated": 0
  },
  {
    "id": "30a19230-0c17-4f99-91a1-6aa86188e8a0",
    "data": [
      {
        "text": "공연",
        "meta": "@event2",
        "alias": "event2",
        "userDefined": false
      }
    ],
    "isTemplate": false,
    "count": 0,
    "lang": "ko",
    "updated": 0
  }
]