[
  {
    "id": "40500d1d-338c-4266-9ae4-a9bd5c2845d5",
    "data": [
      {
        "text": "그래줘",
        "userDefined": false
      }
    ],
    "isTemplate": false,
    "count": 0,
    "lang": "ko",
    "updated": 0
  },
  {
    "id": "841a8eac-494b-4575-a44d-134857e06d22",
    "data": [
      {
        "text": "그러렴",
        "userDefined": false
      }
    ],
    "isTemplate": false,
    "count": 0,
    "lang": "ko",
    "updated": 0
  },
  {
    "id": "aab7e4df-9a8f-480a-8269-1f5646f4d80e",
    "data": [
      {
        "text": "그래라",
        "userDefined": false
      }
    ],
    "isTemplate": false,
    "count": 0,
    "lang": "ko",
    "updated": 0
  },
  {
    "id": "b05158bb-47a0-4fb7-a676-54ff18c56637",
    "data": [
      {
        "text": "응응",
        "userDefined": false
      }
    ],
    "isTemplate": false,
    "count": 0,
    "lang": "ko",
    "updated": 0
  },
  {
    "id": "5be29e76-1528-40cf-8c35-368c0763fd58",
    "data": [
      {
        "text": "엉",
        "userDefined": false
      }
    ],
    "isTemplate": false,
    "count": 0,
    "lang": "ko",
    "updated": 0
  },
  {
    "id": "b6b75bc0-0694-453a-ad85-c8680f077ece",
    "data": [
      {
        "text": "ㅇ",
        "userDefined": false
      }
    ],
    "isTemplate": false,
    "count": 0,
    "lang": "ko",
    "updated": 0
  },
  {
    "id": "4f28e5b2-81e7-4b00-8b42-c0eddd6da594",
    "data": [
      {
        "text": "맞습니다",
        "userDefined": false
      }
    ],
    "isTemplate": false,
    "count": 0,
    "lang": "ko",
    "updated": 0
  },
  {
    "id": "82283e16-0eb5-47b8-bfa4-da67d1bdf7a3",
    "data": [
      {
        "text": "마자",
        "userDefined": false
      }
    ],
    "isTemplate": false,
    "count": 0,
    "lang": "ko",
    "updated": 0
  },
  {
    "id": "f201e4fd-a723-4514-a24c-1cf9b693efd2",
    "data": [
      {
        "text": "마자요",
        "userDefined": false
      }
    ],
    "isTemplate": false,
    "count": 0,
    "lang": "ko",
    "updated": 0
  },
  {
    "id": "792913e2-1009-47ff-a4bc-babd737c368e",
    "data": [
      {
        "text": "네",
        "userDefined": false
      }
    ],
    "isTemplate": false,
    "count": 1,
    "lang": "ko",
    "updated": 0
  },
  {
    "id": "4e5283f3-28c7-4d89-9ed2-8b9196a93b0f",
    "data": [
      {
        "text": "맞아요",
        "userDefined": false
      }
    ],
    "isTemplate": false,
    "count": 0,
    "lang": "ko",
    "updated": 0
  },
  {
    "id": "060142bb-7c4b-4f9a-acc3-5027c49e976f",
    "data": [
      {
        "text": "맞아",
        "userDefined": false
      }
    ],
    "isTemplate": false,
    "count": 2,
    "lang": "ko",
    "updated": 0
  },
  {
    "id": "b8894e8d-f7db-44e3-bb99-dd622a8daa14",
    "data": [
      {
        "text": "어",
        "userDefined": false
      }
    ],
    "isTemplate": false,
    "count": 0,
    "lang": "ko",
    "updated": 0
  },
  {
    "id": "a837e097-d1bb-4d3e-b1c2-1416eb807b5c",
    "data": [
      {
        "text": "ㅇㅇ",
        "userDefined": false
      }
    ],
    "isTemplate": false,
    "count": 0,
    "lang": "ko",
    "updated": 0
  },
  {
    "id": "7adf44b3-70b9-489f-bfdd-3d7e621c26f9",
    "data": [
      {
        "text": "웅",
        "userDefined": false
      }
    ],
    "isTemplate": false,
    "count": 0,
    "lang": "ko",
    "updated": 0
  },
  {
    "id": "2129a000-9536-43bb-b09d-8e86f43f1bb6",
    "data": [
      {
        "text": "응",
        "userDefined": false
      }
    ],
    "isTemplate": false,
    "count": 0,
    "lang": "ko",
    "updated": 0
  },
  {
    "id": "30a8dc16-6ec2-48d9-ac2e-ca408d058be9",
    "data": [
      {
        "text": "그럼",
        "userDefined": false
      }
    ],
    "isTemplate": false,
    "count": 1,
    "lang": "ko",
    "updated": 0
  },
  {
    "id": "28444c8a-0f71-4bb9-964a-17b563fa7fd9",
    "data": [
      {
        "text": "확인",
        "userDefined": false
      }
    ],
    "isTemplate": false,
    "count": 1,
    "lang": "ko",
    "updated": 0
  },
  {
    "id": "b61d6ebc-c146-44e6-a82e-cc6b9a18bf81",
    "data": [
      {
        "text": "좋아",
        "userDefined": false
      }
    ],
    "isTemplate": false,
    "count": 1,
    "lang": "ko",
    "updated": 0
  },
  {
    "id": "fd2bfcf1-4907-42aa-af98-0a9ad81ef636",
    "data": [
      {
        "text": "물론",
        "userDefined": false
      }
    ],
    "isTemplate": false,
    "count": 2,
    "lang": "ko",
    "updated": 0
  },
  {
    "id": "e955dc5f-0224-4bbd-9f5d-0055614940bc",
    "data": [
      {
        "text": "해",
        "userDefined": false
      }
    ],
    "isTemplate": false,
    "count": 1,
    "lang": "ko",
    "updated": 0
  },
  {
    "id": "320a2888-dad4-43f3-b2d1-2df5a6d73ab0",
    "data": [
      {
        "text": "상관없어",
        "userDefined": false
      }
    ],
    "isTemplate": false,
    "count": 0,
    "lang": "ko",
    "updated": 0
  },
  {
    "id": "aa7baf08-e08e-41bf-a95e-e57bede6631d",
    "data": [
      {
        "text": "바로 그거야",
        "userDefined": false
      }
    ],
    "isTemplate": false,
    "count": 3,
    "lang": "ko",
    "updated": 0
  },
  {
    "id": "bda9706f-7340-4742-a765-f80578e10648",
    "data": [
      {
        "text": "동의",
        "userDefined": false
      }
    ],
    "isTemplate": false,
    "count": 0,
    "lang": "ko",
    "updated": 0
  },
  {
    "id": "a77ad6fc-e21e-4d91-9d9c-dc4131e40aca",
    "data": [
      {
        "text": "그래",
        "userDefined": false
      }
    ],
    "isTemplate": false,
    "count": 0,
    "lang": "ko",
    "updated": 0
  }
]