[
  {
    "id": "9e81c75c-16b0-40ac-961e-e45567988af8",
    "data": [
      {
        "text": "이전 단계",
        "userDefined": false
      }
    ],
    "isTemplate": false,
    "count": 0,
    "lang": "ko",
    "updated": 0
  },
  {
    "id": "c71d3866-fc6b-4fbc-914f-5b402ef496ea",
    "data": [
      {
        "text": "취소",
        "userDefined": false
      }
    ],
    "isTemplate": false,
    "count": 0,
    "lang": "ko",
    "updated": 0
  },
  {
    "id": "1dfcac38-3a67-4755-8d39-b5b2dafc42c4",
    "data": [
      {
        "text": "다른 장소",
        "userDefined": false
      }
    ],
    "isTemplate": false,
    "count": 0,
    "lang": "ko",
    "updated": 0
  },
  {
    "id": "c6053ca0-cda5-4a70-9e57-ea302cef824d",
    "data": [
      {
        "text": "장소 다시 선택",
        "userDefined": false
      }
    ],
    "isTemplate": false,
    "count": 0,
    "lang": "ko",
    "updated": 0
  },
  {
    "id": "d6c589f4-923b-4eb6-8c9e-8767723084b1",
    "data": [
      {
        "text": "다시",
        "userDefined": false
      }
    ],
    "isTemplate": false,
    "count": 0,
    "lang": "ko",
    "updated": 0
  },
  {
    "id": "d6a9f7d6-f2f5-4e2a-8062-e1ec2a1cfd20",
    "data": [
      {
        "text": "이전 페이지",
        "userDefined": false
      }
    ],
    "isTemplate": false,
    "count": 1,
    "lang": "ko",
    "updated": 0
  },
  {
    "id": "999a9172-77ab-4724-9a9c-9dceeae171aa",
    "data": [
      {
        "text": "이전 페이지로 이동",
        "userDefined": false
      }
    ],
    "isTemplate": false,
    "count": 0,
    "lang": "ko",
    "updated": 0
  },
  {
    "id": "1605e317-92bf-48fb-8567-7e91b94b2aa5",
    "data": [
      {
        "text": "뒤로",
        "userDefined": false
      }
    ],
    "isTemplate": false,
    "count": 2,
    "lang": "ko",
    "updated": 0
  },
  {
    "id": "543ae2ac-34dd-4c12-8ff0-da0293a33cbd",
    "data": [
      {
        "text": "이전 결과로 돌아가",
        "userDefined": false
      }
    ],
    "isTemplate": false,
    "count": 0,
    "lang": "ko",
    "updated": 0
  },
  {
    "id": "e73dc489-47f8-4c48-a37a-d7994e494db4",
    "data": [
      {
        "text": "이전 페이지로 돌아가",
        "userDefined": false
      }
    ],
    "isTemplate": false,
    "count": 0,
    "lang": "ko",
    "updated": 0
  },
  {
    "id": "7e8d9abe-42da-4d24-9a3b-b8ede015e52a",
    "data": [
      {
        "text": "이전 결과를 읽어줘",
        "userDefined": false
      }
    ],
    "isTemplate": false,
    "count": 0,
    "lang": "ko",
    "updated": 0
  },
  {
    "id": "83ea1eb0-f10f-49fc-bd37-d8bbea3efd2f",
    "data": [
      {
        "text": "돌아가",
        "userDefined": false
      }
    ],
    "isTemplate": false,
    "count": 1,
    "lang": "ko",
    "updated": 0
  },
  {
    "id": "0bde2f3d-8365-4763-aa6f-a8ae88ff9eca",
    "data": [
      {
        "text": "이전으로 돌아가",
        "userDefined": false
      }
    ],
    "isTemplate": false,
    "count": 0,
    "lang": "ko",
    "updated": 0
  },
  {
    "id": "12c069eb-e9e2-45a1-89ef-a91eb48d56aa",
    "data": [
      {
        "text": "이전 결과",
        "userDefined": false
      }
    ],
    "isTemplate": false,
    "count": 2,
    "lang": "ko",
    "updated": 0
  },
  {
    "id": "9d28bf8b-a42e-4387-b1ea-03a46a1959b5",
    "data": [
      {
        "text": "이전",
        "userDefined": false
      }
    ],
    "isTemplate": false,
    "count": 0,
    "lang": "ko",
    "updated": 0
  }
]