[
  {
    "id": "1b047eee-c435-433c-9d0f-bff560e1c52e",
    "data": [
      {
        "text": "맞습니다",
        "userDefined": false
      }
    ],
    "isTemplate": false,
    "count": 0,
    "lang": "ko",
    "updated": 0
  },
  {
    "id": "f5567860-d5e2-40a0-93a1-509aaa20f10d",
    "data": [
      {
        "text": "네네",
        "userDefined": false
      }
    ],
    "isTemplate": false,
    "count": 0,
    "lang": "ko",
    "updated": 0
  },
  {
    "id": "858fd0c2-a71a-490c-84fd-39cd43e614cc",
    "data": [
      {
        "text": "넵",
        "userDefined": false
      }
    ],
    "isTemplate": false,
    "count": 0,
    "lang": "ko",
    "updated": 0
  },
  {
    "id": "c8be80fa-292b-4a3f-9ed8-e8780821a314",
    "data": [
      {
        "text": "엉",
        "userDefined": false
      }
    ],
    "isTemplate": false,
    "count": 0,
    "lang": "ko",
    "updated": 0
  },
  {
    "id": "88b9fb32-3682-4ee9-bd24-8e605739004e",
    "data": [
      {
        "text": "ㅇ",
        "userDefined": false
      }
    ],
    "isTemplate": false,
    "count": 0,
    "lang": "ko",
    "updated": 0
  },
  {
    "id": "8f5d36a9-44d8-4585-b94d-162d8383bedd",
    "data": [
      {
        "text": "마자요",
        "userDefined": false
      }
    ],
    "isTemplate": false,
    "count": 0,
    "lang": "ko",
    "updated": 0
  },
  {
    "id": "afb570d6-e5d8-4954-8e25-aa5d8bd7ff63",
    "data": [
      {
        "text": "마자",
        "userDefined": false
      }
    ],
    "isTemplate": false,
    "count": 0,
    "lang": "ko",
    "updated": 0
  },
  {
    "id": "060142bb-7c4b-4f9a-acc3-5027c49e976f",
    "data": [
      {
        "text": "맞아",
        "userDefined": false
      }
    ],
    "isTemplate": false,
    "count": 2,
    "lang": "ko",
    "updated": 0
  },
  {
    "id": "a1ebd146-03f8-456e-b461-8341f5b137bf",
    "data": [
      {
        "text": "맞아요",
        "userDefined": false
      }
    ],
    "isTemplate": false,
    "count": 0,
    "lang": "ko",
    "updated": 0
  },
  {
    "id": "2c2ee6dd-6e66-4c9d-99f9-865d5ad5f049",
    "data": [
      {
        "text": "네",
        "userDefined": false
      }
    ],
    "isTemplate": false,
    "count": 0,
    "lang": "ko",
    "updated": 0
  },
  {
    "id": "5466a584-c3a1-48aa-b42a-94f839da99a4",
    "data": [
      {
        "text": "웅",
        "userDefined": false
      }
    ],
    "isTemplate": false,
    "count": 0,
    "lang": "ko",
    "updated": 0
  },
  {
    "id": "d93f3bad-0499-4644-8575-ee54be2520fb",
    "data": [
      {
        "text": "응",
        "userDefined": false
      }
    ],
    "isTemplate": false,
    "count": 0,
    "lang": "ko",
    "updated": 0
  },
  {
    "id": "cf8df1fb-33b1-48bc-a658-aa4db568a63f",
    "data": [
      {
        "text": "ㅇㅇ",
        "userDefined": false
      }
    ],
    "isTemplate": false,
    "count": 0,
    "lang": "ko",
    "updated": 0
  },
  {
    "id": "30a8dc16-6ec2-48d9-ac2e-ca408d058be9",
    "data": [
      {
        "text": "그럼",
        "userDefined": false
      }
    ],
    "isTemplate": false,
    "count": 1,
    "lang": "ko",
    "updated": 0
  },
  {
    "id": "28444c8a-0f71-4bb9-964a-17b563fa7fd9",
    "data": [
      {
        "text": "확인",
        "userDefined": false
      }
    ],
    "isTemplate": false,
    "count": 1,
    "lang": "ko",
    "updated": 0
  },
  {
    "id": "b61d6ebc-c146-44e6-a82e-cc6b9a18bf81",
    "data": [
      {
        "text": "좋아",
        "userDefined": false
      }
    ],
    "isTemplate": false,
    "count": 1,
    "lang": "ko",
    "updated": 0
  },
  {
    "id": "fd2bfcf1-4907-42aa-af98-0a9ad81ef636",
    "data": [
      {
        "text": "물론",
        "userDefined": false
      }
    ],
    "isTemplate": false,
    "count": 2,
    "lang": "ko",
    "updated": 0
  },
  {
    "id": "e955dc5f-0224-4bbd-9f5d-0055614940bc",
    "data": [
      {
        "text": "해",
        "userDefined": false
      }
    ],
    "isTemplate": false,
    "count": 1,
    "lang": "ko",
    "updated": 0
  },
  {
    "id": "320a2888-dad4-43f3-b2d1-2df5a6d73ab0",
    "data": [
      {
        "text": "상관없어",
        "userDefined": false
      }
    ],
    "isTemplate": false,
    "count": 0,
    "lang": "ko",
    "updated": 0
  },
  {
    "id": "aa7baf08-e08e-41bf-a95e-e57bede6631d",
    "data": [
      {
        "text": "바로 그거야",
        "userDefined": false
      }
    ],
    "isTemplate": false,
    "count": 3,
    "lang": "ko",
    "updated": 0
  },
  {
    "id": "bda9706f-7340-4742-a765-f80578e10648",
    "data": [
      {
        "text": "동의",
        "userDefined": false
      }
    ],
    "isTemplate": false,
    "count": 0,
    "lang": "ko",
    "updated": 0
  },
  {
    "id": "a77ad6fc-e21e-4d91-9d9c-dc4131e40aca",
    "data": [
      {
        "text": "그래",
        "userDefined": false
      }
    ],
    "isTemplate": false,
    "count": 0,
    "lang": "ko",
    "updated": 0
  }
]