[
  {
    "value": "[a-z:A-Z:가-힣:0-9]*복지{1}",
    "synonyms": [
      "[a-z:A-Z:가-힣:0-9]*복지{1}"
    ]
  },
  {
    "value": "[a-z:A-Z:가-힣:0-9]*소식{1}",
    "synonyms": [
      "[a-z:A-Z:가-힣:0-9]*소식{1}"
    ]
  },
  {
    "value": "[a-z:A-Z:가-힣:0-9]*정책{1}",
    "synonyms": [
      "[a-z:A-Z:가-힣:0-9]*정책{1}"
    ]
  },
  {
    "value": "[a-z:A-Z:가-힣:0-9]*행사{1}",
    "synonyms": [
      "[a-z:A-Z:가-힣:0-9]*행사{1}"
    ]
  },
  {
    "value": "[a-z:A-Z:가-힣:0-9]*보조금{1}",
    "synonyms": [
      "[a-z:A-Z:가-힣:0-9]*보조금{1}"
    ]
  },
  {
    "value": "[a-z:A-Z:가-힣:0-9]*지원금{1}",
    "synonyms": [
      "[a-z:A-Z:가-힣:0-9]*지원금{1}"
    ]
  },
  {
    "value": "[a-z:A-Z:가-힣:0-9]*문화{1}",
    "synonyms": [
      "[a-z:A-Z:가-힣:0-9]*문화{1}"
    ]
  },
  {
    "value": "[a-z:A-Z:가-힣:0-9]*관광{1}",
    "synonyms": [
      "[a-z:A-Z:가-힣:0-9]*관광{1}"
    ]
  },
  {
    "value": "[a-z:A-Z:가-힣:0-9]*혜택{1}",
    "synonyms": [
      "[a-z:A-Z:가-힣:0-9]*혜택{1}"
    ]
  }
]