[
  {
    "value": "임신·출산",
    "synonyms": [
      "임신",
      "출산",
      "임산부",
      "난임",
      "예비맘",
      "임신출산",
      "임신혜택",
      "출산혜택",
      "임신복지",
      "출산복지"
    ]
  },
  {
    "value": "영유아",
    "synonyms": [
      "영유아",
      "유아",
      "육아",
      "기저귀",
      "분유",
      "보육",
      "아기",
      "애기",
      "영아",
      "신생아"
    ]
  },
  {
    "value": "아동·청소년",
    "synonyms": [
      "아동",
      "어린이",
      "청소년",
      "유치원생",
      "초등학생",
      "중학생",
      "고등학생",
      "소년",
      "아이",
      "우리아이"
    ]
  },
  {
    "value": "청년",
    "synonyms": [
      "청년",
      "20대",
      "30대",
      "대학생",
      "이십대",
      "삼십대",
      "취준생",
      "2030"
    ]
  },
  {
    "value": "중장년",
    "synonyms": [
      "중장년",
      "중년",
      "장년",
      "50대",
      "40대",
      "7080",
      "주부",
      "경력단절",
      "경력단절여성"
    ]
  },
  {
    "value": "어르신",
    "synonyms": [
      "어르신",
      "노인",
      "어머니",
      "늙은이",
      "고령자",
      "시니어",
      "실버",
      "고령화",
      "경로당",
      "노인정"
    ]
  },
  {
    "value": "장애인",
    "synonyms": [
      "장애인",
      "장애우",
      "장애",
      "장애자"
    ]
  },
  {
    "value": "전 생애주기",
    "synonyms": [
      "전 생애주기",
      "전체",
      "전부",
      "모두",
      "모든연령",
      "모든",
      "다"
    ]
  },
  {
    "value": "행사·축제",
    "synonyms": [
      "행사",
      "문화제",
      "예술",
      "페스티벌",
      "한마당"
    ]
  },
  {
    "value": "공연·전시",
    "synonyms": [
      "공연",
      "극장"
    ]
  }
]